sequence,label,url,status,content_type,bytes,raw_path
1,industries,https://ai-russia.ru/api/industries,200,application/json; charset=utf-8,1445,raw_api/00001_industries.json
2,matrix_agriculture,https://ai-russia.ru/api/industries/agriculture/matrix,200,application/json; charset=utf-8,13985,raw_api/00002_matrix_agriculture.json
3,matrix_construction,https://ai-russia.ru/api/industries/construction/matrix,200,application/json; charset=utf-8,14005,raw_api/00003_matrix_construction.json
4,matrix_education,https://ai-russia.ru/api/industries/education/matrix,200,application/json; charset=utf-8,13984,raw_api/00004_matrix_education.json
5,matrix_healthcare,https://ai-russia.ru/api/industries/healthcare/matrix,200,application/json; charset=utf-8,13979,raw_api/00005_matrix_healthcare.json
6,matrix_industrial,https://ai-russia.ru/api/industries/industrial/matrix,200,application/json; charset=utf-8,13977,raw_api/00006_matrix_industrial.json
7,matrix_it-telecom,https://ai-russia.ru/api/industries/it-telecom/matrix,200,application/json; charset=utf-8,13966,raw_api/00007_matrix_it-telecom.json
8,matrix_oil-energy,https://ai-russia.ru/api/industries/oil-energy/matrix,200,application/json; charset=utf-8,13997,raw_api/00008_matrix_oil-energy.json
9,matrix_retail,https://ai-russia.ru/api/industries/retail/matrix,200,application/json; charset=utf-8,13965,raw_api/00009_matrix_retail.json
10,matrix_finance,https://ai-russia.ru/api/industries/finance/matrix,200,application/json; charset=utf-8,13953,raw_api/00010_matrix_finance.json
11,matrix_transport,https://ai-russia.ru/api/industries/transport/matrix,200,application/json; charset=utf-8,13988,raw_api/00011_matrix_transport.json
12,scenarios_agriculture_first,https://ai-russia.ru/api/scenarios?industry=agriculture,200,application/json; charset=utf-8,6737,raw_api/00012_scenarios_agriculture_first.json
13,probe_size_limit,https://ai-russia.ru/api/scenarios?industry=agriculture&limit=200,200,application/json; charset=utf-8,6737,raw_api/00013_probe_size_limit.json
14,probe_size_pageSize,https://ai-russia.ru/api/scenarios?industry=agriculture&pageSize=200,200,application/json; charset=utf-8,6737,raw_api/00014_probe_size_pageSize.json
15,probe_size_perPage,https://ai-russia.ru/api/scenarios?industry=agriculture&perPage=200,400,application/json; charset=utf-8,70,raw_api/00015_probe_size_perPage.json
16,probe_size_take,https://ai-russia.ru/api/scenarios?industry=agriculture&take=200,200,application/json; charset=utf-8,6737,raw_api/00016_probe_size_take.json
17,probe_pagination_limit_offset_0,https://ai-russia.ru/api/scenarios?industry=agriculture&limit=20&offset=20,200,application/json; charset=utf-8,6737,raw_api/00017_probe_pagination_limit_offset_0.json
18,probe_pagination_limit_skip_0,https://ai-russia.ru/api/scenarios?industry=agriculture&limit=20&skip=20,200,application/json; charset=utf-8,6737,raw_api/00018_probe_pagination_limit_skip_0.json
19,probe_pagination_take_skip_0,https://ai-russia.ru/api/scenarios?industry=agriculture&take=20&skip=20,200,application/json; charset=utf-8,6737,raw_api/00019_probe_pagination_take_skip_0.json
20,probe_pagination_page_limit_1,https://ai-russia.ru/api/scenarios?industry=agriculture&page=2&limit=20,200,application/json; charset=utf-8,6450,raw_api/00020_probe_pagination_page_limit_1.json
21,scenarios_agriculture_first_paginated,https://ai-russia.ru/api/scenarios?industry=agriculture&page=1&limit=20,200,application/json; charset=utf-8,6737,raw_api/00021_scenarios_agriculture_first_paginated.json
22,scenarios_agriculture_page_0002,https://ai-russia.ru/api/scenarios?industry=agriculture&page=2&limit=20,200,application/json; charset=utf-8,6450,raw_api/00022_scenarios_agriculture_page_0002.json
23,scenarios_agriculture_page_0003,https://ai-russia.ru/api/scenarios?industry=agriculture&page=3&limit=20,200,application/json; charset=utf-8,6609,raw_api/00023_scenarios_agriculture_page_0003.json
24,scenarios_agriculture_page_0004,https://ai-russia.ru/api/scenarios?industry=agriculture&page=4&limit=20,200,application/json; charset=utf-8,6552,raw_api/00024_scenarios_agriculture_page_0004.json
25,scenarios_agriculture_page_0005,https://ai-russia.ru/api/scenarios?industry=agriculture&page=5&limit=20,200,application/json; charset=utf-8,6216,raw_api/00025_scenarios_agriculture_page_0005.json
26,scenarios_agriculture_page_0006,https://ai-russia.ru/api/scenarios?industry=agriculture&page=6&limit=20,200,application/json; charset=utf-8,6584,raw_api/00026_scenarios_agriculture_page_0006.json
27,scenarios_agriculture_page_0007,https://ai-russia.ru/api/scenarios?industry=agriculture&page=7&limit=20,200,application/json; charset=utf-8,6353,raw_api/00027_scenarios_agriculture_page_0007.json
28,scenarios_agriculture_page_0008,https://ai-russia.ru/api/scenarios?industry=agriculture&page=8&limit=20,200,application/json; charset=utf-8,6431,raw_api/00028_scenarios_agriculture_page_0008.json
29,scenarios_agriculture_page_0009,https://ai-russia.ru/api/scenarios?industry=agriculture&page=9&limit=20,200,application/json; charset=utf-8,6385,raw_api/00029_scenarios_agriculture_page_0009.json
30,scenarios_agriculture_page_0010,https://ai-russia.ru/api/scenarios?industry=agriculture&page=10&limit=20,200,application/json; charset=utf-8,6286,raw_api/00030_scenarios_agriculture_page_0010.json
31,scenarios_agriculture_page_0011,https://ai-russia.ru/api/scenarios?industry=agriculture&page=11&limit=20,200,application/json; charset=utf-8,6487,raw_api/00031_scenarios_agriculture_page_0011.json
32,scenarios_agriculture_page_0012,https://ai-russia.ru/api/scenarios?industry=agriculture&page=12&limit=20,200,application/json; charset=utf-8,6260,raw_api/00032_scenarios_agriculture_page_0012.json
33,scenarios_agriculture_page_0013,https://ai-russia.ru/api/scenarios?industry=agriculture&page=13&limit=20,200,application/json; charset=utf-8,6454,raw_api/00033_scenarios_agriculture_page_0013.json
34,scenarios_agriculture_page_0014,https://ai-russia.ru/api/scenarios?industry=agriculture&page=14&limit=20,200,application/json; charset=utf-8,6632,raw_api/00034_scenarios_agriculture_page_0014.json
35,scenarios_agriculture_page_0015,https://ai-russia.ru/api/scenarios?industry=agriculture&page=15&limit=20,200,application/json; charset=utf-8,6256,raw_api/00035_scenarios_agriculture_page_0015.json
36,scenarios_agriculture_page_0016,https://ai-russia.ru/api/scenarios?industry=agriculture&page=16&limit=20,200,application/json; charset=utf-8,6595,raw_api/00036_scenarios_agriculture_page_0016.json
37,scenarios_agriculture_page_0017,https://ai-russia.ru/api/scenarios?industry=agriculture&page=17&limit=20,200,application/json; charset=utf-8,6368,raw_api/00037_scenarios_agriculture_page_0017.json
38,scenarios_agriculture_page_0018,https://ai-russia.ru/api/scenarios?industry=agriculture&page=18&limit=20,200,application/json; charset=utf-8,6504,raw_api/00038_scenarios_agriculture_page_0018.json
39,scenarios_agriculture_page_0019,https://ai-russia.ru/api/scenarios?industry=agriculture&page=19&limit=20,200,application/json; charset=utf-8,6440,raw_api/00039_scenarios_agriculture_page_0019.json
40,scenarios_agriculture_page_0020,https://ai-russia.ru/api/scenarios?industry=agriculture&page=20&limit=20,200,application/json; charset=utf-8,6268,raw_api/00040_scenarios_agriculture_page_0020.json
41,scenarios_agriculture_page_0021,https://ai-russia.ru/api/scenarios?industry=agriculture&page=21&limit=20,200,application/json; charset=utf-8,6662,raw_api/00041_scenarios_agriculture_page_0021.json
42,scenarios_agriculture_page_0022,https://ai-russia.ru/api/scenarios?industry=agriculture&page=22&limit=20,200,application/json; charset=utf-8,6342,raw_api/00042_scenarios_agriculture_page_0022.json
43,scenarios_agriculture_page_0023,https://ai-russia.ru/api/scenarios?industry=agriculture&page=23&limit=20,200,application/json; charset=utf-8,6665,raw_api/00043_scenarios_agriculture_page_0023.json
44,scenarios_agriculture_page_0024,https://ai-russia.ru/api/scenarios?industry=agriculture&page=24&limit=20,200,application/json; charset=utf-8,6269,raw_api/00044_scenarios_agriculture_page_0024.json
45,scenarios_agriculture_page_0025,https://ai-russia.ru/api/scenarios?industry=agriculture&page=25&limit=20,200,application/json; charset=utf-8,6361,raw_api/00045_scenarios_agriculture_page_0025.json
46,scenarios_construction_first_paginated,https://ai-russia.ru/api/scenarios?industry=construction&page=1&limit=20,200,application/json; charset=utf-8,6880,raw_api/00046_scenarios_construction_first_paginated.json
47,scenarios_construction_page_0002,https://ai-russia.ru/api/scenarios?industry=construction&page=2&limit=20,200,application/json; charset=utf-8,6598,raw_api/00047_scenarios_construction_page_0002.json
48,scenarios_construction_page_0003,https://ai-russia.ru/api/scenarios?industry=construction&page=3&limit=20,200,application/json; charset=utf-8,6627,raw_api/00048_scenarios_construction_page_0003.json
49,scenarios_construction_page_0004,https://ai-russia.ru/api/scenarios?industry=construction&page=4&limit=20,200,application/json; charset=utf-8,6733,raw_api/00049_scenarios_construction_page_0004.json
50,scenarios_construction_page_0005,https://ai-russia.ru/api/scenarios?industry=construction&page=5&limit=20,200,application/json; charset=utf-8,6817,raw_api/00050_scenarios_construction_page_0005.json
51,scenarios_construction_page_0006,https://ai-russia.ru/api/scenarios?industry=construction&page=6&limit=20,200,application/json; charset=utf-8,6687,raw_api/00051_scenarios_construction_page_0006.json
52,scenarios_construction_page_0007,https://ai-russia.ru/api/scenarios?industry=construction&page=7&limit=20,200,application/json; charset=utf-8,6413,raw_api/00052_scenarios_construction_page_0007.json
53,scenarios_construction_page_0008,https://ai-russia.ru/api/scenarios?industry=construction&page=8&limit=20,200,application/json; charset=utf-8,6371,raw_api/00053_scenarios_construction_page_0008.json
54,scenarios_construction_page_0009,https://ai-russia.ru/api/scenarios?industry=construction&page=9&limit=20,200,application/json; charset=utf-8,6596,raw_api/00054_scenarios_construction_page_0009.json
55,scenarios_construction_page_0010,https://ai-russia.ru/api/scenarios?industry=construction&page=10&limit=20,200,application/json; charset=utf-8,6622,raw_api/00055_scenarios_construction_page_0010.json
56,scenarios_construction_page_0011,https://ai-russia.ru/api/scenarios?industry=construction&page=11&limit=20,200,application/json; charset=utf-8,6782,raw_api/00056_scenarios_construction_page_0011.json
57,scenarios_construction_page_0012,https://ai-russia.ru/api/scenarios?industry=construction&page=12&limit=20,200,application/json; charset=utf-8,6668,raw_api/00057_scenarios_construction_page_0012.json
58,scenarios_construction_page_0013,https://ai-russia.ru/api/scenarios?industry=construction&page=13&limit=20,200,application/json; charset=utf-8,6767,raw_api/00058_scenarios_construction_page_0013.json
59,scenarios_construction_page_0014,https://ai-russia.ru/api/scenarios?industry=construction&page=14&limit=20,200,application/json; charset=utf-8,6717,raw_api/00059_scenarios_construction_page_0014.json
60,scenarios_construction_page_0015,https://ai-russia.ru/api/scenarios?industry=construction&page=15&limit=20,200,application/json; charset=utf-8,6670,raw_api/00060_scenarios_construction_page_0015.json
61,scenarios_construction_page_0016,https://ai-russia.ru/api/scenarios?industry=construction&page=16&limit=20,200,application/json; charset=utf-8,6308,raw_api/00061_scenarios_construction_page_0016.json
62,scenarios_construction_page_0017,https://ai-russia.ru/api/scenarios?industry=construction&page=17&limit=20,200,application/json; charset=utf-8,6830,raw_api/00062_scenarios_construction_page_0017.json
63,scenarios_construction_page_0018,https://ai-russia.ru/api/scenarios?industry=construction&page=18&limit=20,200,application/json; charset=utf-8,6656,raw_api/00063_scenarios_construction_page_0018.json
64,scenarios_construction_page_0019,https://ai-russia.ru/api/scenarios?industry=construction&page=19&limit=20,200,application/json; charset=utf-8,6752,raw_api/00064_scenarios_construction_page_0019.json
65,scenarios_construction_page_0020,https://ai-russia.ru/api/scenarios?industry=construction&page=20&limit=20,200,application/json; charset=utf-8,6628,raw_api/00065_scenarios_construction_page_0020.json
66,scenarios_construction_page_0021,https://ai-russia.ru/api/scenarios?industry=construction&page=21&limit=20,200,application/json; charset=utf-8,6482,raw_api/00066_scenarios_construction_page_0021.json
67,scenarios_construction_page_0022,https://ai-russia.ru/api/scenarios?industry=construction&page=22&limit=20,200,application/json; charset=utf-8,6648,raw_api/00067_scenarios_construction_page_0022.json
68,scenarios_construction_page_0023,https://ai-russia.ru/api/scenarios?industry=construction&page=23&limit=20,200,application/json; charset=utf-8,6727,raw_api/00068_scenarios_construction_page_0023.json
69,scenarios_construction_page_0024,https://ai-russia.ru/api/scenarios?industry=construction&page=24&limit=20,200,application/json; charset=utf-8,6996,raw_api/00069_scenarios_construction_page_0024.json
70,scenarios_construction_page_0025,https://ai-russia.ru/api/scenarios?industry=construction&page=25&limit=20,200,application/json; charset=utf-8,6634,raw_api/00070_scenarios_construction_page_0025.json
71,scenarios_education_first_paginated,https://ai-russia.ru/api/scenarios?industry=education&page=1&limit=20,200,application/json; charset=utf-8,7321,raw_api/00071_scenarios_education_first_paginated.json
72,scenarios_education_page_0002,https://ai-russia.ru/api/scenarios?industry=education&page=2&limit=20,200,application/json; charset=utf-8,7395,raw_api/00072_scenarios_education_page_0002.json
73,scenarios_education_page_0003,https://ai-russia.ru/api/scenarios?industry=education&page=3&limit=20,200,application/json; charset=utf-8,7400,raw_api/00073_scenarios_education_page_0003.json
74,scenarios_education_page_0004,https://ai-russia.ru/api/scenarios?industry=education&page=4&limit=20,200,application/json; charset=utf-8,7143,raw_api/00074_scenarios_education_page_0004.json
75,scenarios_education_page_0005,https://ai-russia.ru/api/scenarios?industry=education&page=5&limit=20,200,application/json; charset=utf-8,7179,raw_api/00075_scenarios_education_page_0005.json
76,scenarios_education_page_0006,https://ai-russia.ru/api/scenarios?industry=education&page=6&limit=20,200,application/json; charset=utf-8,7119,raw_api/00076_scenarios_education_page_0006.json
77,scenarios_education_page_0007,https://ai-russia.ru/api/scenarios?industry=education&page=7&limit=20,200,application/json; charset=utf-8,7047,raw_api/00077_scenarios_education_page_0007.json
78,scenarios_education_page_0008,https://ai-russia.ru/api/scenarios?industry=education&page=8&limit=20,200,application/json; charset=utf-8,7190,raw_api/00078_scenarios_education_page_0008.json
79,scenarios_education_page_0009,https://ai-russia.ru/api/scenarios?industry=education&page=9&limit=20,200,application/json; charset=utf-8,7026,raw_api/00079_scenarios_education_page_0009.json
80,scenarios_education_page_0010,https://ai-russia.ru/api/scenarios?industry=education&page=10&limit=20,200,application/json; charset=utf-8,7137,raw_api/00080_scenarios_education_page_0010.json
81,scenarios_education_page_0011,https://ai-russia.ru/api/scenarios?industry=education&page=11&limit=20,200,application/json; charset=utf-8,7194,raw_api/00081_scenarios_education_page_0011.json
82,scenarios_education_page_0012,https://ai-russia.ru/api/scenarios?industry=education&page=12&limit=20,200,application/json; charset=utf-8,6862,raw_api/00082_scenarios_education_page_0012.json
83,scenarios_education_page_0013,https://ai-russia.ru/api/scenarios?industry=education&page=13&limit=20,200,application/json; charset=utf-8,6994,raw_api/00083_scenarios_education_page_0013.json
84,scenarios_education_page_0014,https://ai-russia.ru/api/scenarios?industry=education&page=14&limit=20,200,application/json; charset=utf-8,6726,raw_api/00084_scenarios_education_page_0014.json
85,scenarios_education_page_0015,https://ai-russia.ru/api/scenarios?industry=education&page=15&limit=20,200,application/json; charset=utf-8,6794,raw_api/00085_scenarios_education_page_0015.json
86,scenarios_education_page_0016,https://ai-russia.ru/api/scenarios?industry=education&page=16&limit=20,200,application/json; charset=utf-8,7083,raw_api/00086_scenarios_education_page_0016.json
87,scenarios_education_page_0017,https://ai-russia.ru/api/scenarios?industry=education&page=17&limit=20,200,application/json; charset=utf-8,6850,raw_api/00087_scenarios_education_page_0017.json
88,scenarios_education_page_0018,https://ai-russia.ru/api/scenarios?industry=education&page=18&limit=20,200,application/json; charset=utf-8,7273,raw_api/00088_scenarios_education_page_0018.json
89,scenarios_education_page_0019,https://ai-russia.ru/api/scenarios?industry=education&page=19&limit=20,200,application/json; charset=utf-8,6920,raw_api/00089_scenarios_education_page_0019.json
90,scenarios_education_page_0020,https://ai-russia.ru/api/scenarios?industry=education&page=20&limit=20,200,application/json; charset=utf-8,7016,raw_api/00090_scenarios_education_page_0020.json
91,scenarios_education_page_0021,https://ai-russia.ru/api/scenarios?industry=education&page=21&limit=20,200,application/json; charset=utf-8,7077,raw_api/00091_scenarios_education_page_0021.json
92,scenarios_education_page_0022,https://ai-russia.ru/api/scenarios?industry=education&page=22&limit=20,200,application/json; charset=utf-8,7000,raw_api/00092_scenarios_education_page_0022.json
93,scenarios_education_page_0023,https://ai-russia.ru/api/scenarios?industry=education&page=23&limit=20,200,application/json; charset=utf-8,6873,raw_api/00093_scenarios_education_page_0023.json
94,scenarios_education_page_0024,https://ai-russia.ru/api/scenarios?industry=education&page=24&limit=20,200,application/json; charset=utf-8,6811,raw_api/00094_scenarios_education_page_0024.json
95,scenarios_education_page_0025,https://ai-russia.ru/api/scenarios?industry=education&page=25&limit=20,200,application/json; charset=utf-8,6967,raw_api/00095_scenarios_education_page_0025.json
96,scenarios_healthcare_first_paginated,https://ai-russia.ru/api/scenarios?industry=healthcare&page=1&limit=20,200,application/json; charset=utf-8,7141,raw_api/00096_scenarios_healthcare_first_paginated.json
97,scenarios_healthcare_page_0002,https://ai-russia.ru/api/scenarios?industry=healthcare&page=2&limit=20,200,application/json; charset=utf-8,7000,raw_api/00097_scenarios_healthcare_page_0002.json
98,scenarios_healthcare_page_0003,https://ai-russia.ru/api/scenarios?industry=healthcare&page=3&limit=20,200,application/json; charset=utf-8,7140,raw_api/00098_scenarios_healthcare_page_0003.json
99,scenarios_healthcare_page_0004,https://ai-russia.ru/api/scenarios?industry=healthcare&page=4&limit=20,200,application/json; charset=utf-8,6864,raw_api/00099_scenarios_healthcare_page_0004.json
100,scenarios_healthcare_page_0005,https://ai-russia.ru/api/scenarios?industry=healthcare&page=5&limit=20,200,application/json; charset=utf-8,6963,raw_api/00100_scenarios_healthcare_page_0005.json
101,scenarios_healthcare_page_0006,https://ai-russia.ru/api/scenarios?industry=healthcare&page=6&limit=20,200,application/json; charset=utf-8,7111,raw_api/00101_scenarios_healthcare_page_0006.json
102,scenarios_healthcare_page_0007,https://ai-russia.ru/api/scenarios?industry=healthcare&page=7&limit=20,200,application/json; charset=utf-8,6785,raw_api/00102_scenarios_healthcare_page_0007.json
103,scenarios_healthcare_page_0008,https://ai-russia.ru/api/scenarios?industry=healthcare&page=8&limit=20,200,application/json; charset=utf-8,7215,raw_api/00103_scenarios_healthcare_page_0008.json
104,scenarios_healthcare_page_0009,https://ai-russia.ru/api/scenarios?industry=healthcare&page=9&limit=20,200,application/json; charset=utf-8,6701,raw_api/00104_scenarios_healthcare_page_0009.json
105,scenarios_healthcare_page_0010,https://ai-russia.ru/api/scenarios?industry=healthcare&page=10&limit=20,200,application/json; charset=utf-8,6761,raw_api/00105_scenarios_healthcare_page_0010.json
106,scenarios_healthcare_page_0011,https://ai-russia.ru/api/scenarios?industry=healthcare&page=11&limit=20,200,application/json; charset=utf-8,7154,raw_api/00106_scenarios_healthcare_page_0011.json
107,scenarios_healthcare_page_0012,https://ai-russia.ru/api/scenarios?industry=healthcare&page=12&limit=20,200,application/json; charset=utf-8,6698,raw_api/00107_scenarios_healthcare_page_0012.json
108,scenarios_healthcare_page_0013,https://ai-russia.ru/api/scenarios?industry=healthcare&page=13&limit=20,200,application/json; charset=utf-8,6945,raw_api/00108_scenarios_healthcare_page_0013.json
109,scenarios_healthcare_page_0014,https://ai-russia.ru/api/scenarios?industry=healthcare&page=14&limit=20,200,application/json; charset=utf-8,6868,raw_api/00109_scenarios_healthcare_page_0014.json
110,scenarios_healthcare_page_0015,https://ai-russia.ru/api/scenarios?industry=healthcare&page=15&limit=20,200,application/json; charset=utf-8,6989,raw_api/00110_scenarios_healthcare_page_0015.json
111,scenarios_healthcare_page_0016,https://ai-russia.ru/api/scenarios?industry=healthcare&page=16&limit=20,200,application/json; charset=utf-8,7300,raw_api/00111_scenarios_healthcare_page_0016.json
112,scenarios_healthcare_page_0017,https://ai-russia.ru/api/scenarios?industry=healthcare&page=17&limit=20,200,application/json; charset=utf-8,6693,raw_api/00112_scenarios_healthcare_page_0017.json
113,scenarios_healthcare_page_0018,https://ai-russia.ru/api/scenarios?industry=healthcare&page=18&limit=20,200,application/json; charset=utf-8,6996,raw_api/00113_scenarios_healthcare_page_0018.json
114,scenarios_healthcare_page_0019,https://ai-russia.ru/api/scenarios?industry=healthcare&page=19&limit=20,200,application/json; charset=utf-8,6956,raw_api/00114_scenarios_healthcare_page_0019.json
115,scenarios_healthcare_page_0020,https://ai-russia.ru/api/scenarios?industry=healthcare&page=20&limit=20,200,application/json; charset=utf-8,7404,raw_api/00115_scenarios_healthcare_page_0020.json
116,scenarios_healthcare_page_0021,https://ai-russia.ru/api/scenarios?industry=healthcare&page=21&limit=20,200,application/json; charset=utf-8,7177,raw_api/00116_scenarios_healthcare_page_0021.json
117,scenarios_healthcare_page_0022,https://ai-russia.ru/api/scenarios?industry=healthcare&page=22&limit=20,200,application/json; charset=utf-8,6961,raw_api/00117_scenarios_healthcare_page_0022.json
118,scenarios_healthcare_page_0023,https://ai-russia.ru/api/scenarios?industry=healthcare&page=23&limit=20,200,application/json; charset=utf-8,7436,raw_api/00118_scenarios_healthcare_page_0023.json
119,scenarios_healthcare_page_0024,https://ai-russia.ru/api/scenarios?industry=healthcare&page=24&limit=20,200,application/json; charset=utf-8,7008,raw_api/00119_scenarios_healthcare_page_0024.json
120,scenarios_healthcare_page_0025,https://ai-russia.ru/api/scenarios?industry=healthcare&page=25&limit=20,200,application/json; charset=utf-8,6705,raw_api/00120_scenarios_healthcare_page_0025.json
121,scenarios_industrial_first_paginated,https://ai-russia.ru/api/scenarios?industry=industrial&page=1&limit=20,200,application/json; charset=utf-8,6649,raw_api/00121_scenarios_industrial_first_paginated.json
122,scenarios_industrial_page_0002,https://ai-russia.ru/api/scenarios?industry=industrial&page=2&limit=20,200,application/json; charset=utf-8,6365,raw_api/00122_scenarios_industrial_page_0002.json
123,scenarios_industrial_page_0003,https://ai-russia.ru/api/scenarios?industry=industrial&page=3&limit=20,200,application/json; charset=utf-8,6739,raw_api/00123_scenarios_industrial_page_0003.json
124,scenarios_industrial_page_0004,https://ai-russia.ru/api/scenarios?industry=industrial&page=4&limit=20,200,application/json; charset=utf-8,6491,raw_api/00124_scenarios_industrial_page_0004.json
125,scenarios_industrial_page_0005,https://ai-russia.ru/api/scenarios?industry=industrial&page=5&limit=20,200,application/json; charset=utf-8,6572,raw_api/00125_scenarios_industrial_page_0005.json
126,scenarios_industrial_page_0006,https://ai-russia.ru/api/scenarios?industry=industrial&page=6&limit=20,200,application/json; charset=utf-8,6351,raw_api/00126_scenarios_industrial_page_0006.json
127,scenarios_industrial_page_0007,https://ai-russia.ru/api/scenarios?industry=industrial&page=7&limit=20,200,application/json; charset=utf-8,6457,raw_api/00127_scenarios_industrial_page_0007.json
128,scenarios_industrial_page_0008,https://ai-russia.ru/api/scenarios?industry=industrial&page=8&limit=20,200,application/json; charset=utf-8,6589,raw_api/00128_scenarios_industrial_page_0008.json
129,scenarios_industrial_page_0009,https://ai-russia.ru/api/scenarios?industry=industrial&page=9&limit=20,200,application/json; charset=utf-8,6342,raw_api/00129_scenarios_industrial_page_0009.json
130,scenarios_industrial_page_0010,https://ai-russia.ru/api/scenarios?industry=industrial&page=10&limit=20,200,application/json; charset=utf-8,6520,raw_api/00130_scenarios_industrial_page_0010.json
131,scenarios_industrial_page_0011,https://ai-russia.ru/api/scenarios?industry=industrial&page=11&limit=20,200,application/json; charset=utf-8,6362,raw_api/00131_scenarios_industrial_page_0011.json
132,scenarios_industrial_page_0012,https://ai-russia.ru/api/scenarios?industry=industrial&page=12&limit=20,200,application/json; charset=utf-8,6425,raw_api/00132_scenarios_industrial_page_0012.json
133,scenarios_industrial_page_0013,https://ai-russia.ru/api/scenarios?industry=industrial&page=13&limit=20,200,application/json; charset=utf-8,6816,raw_api/00133_scenarios_industrial_page_0013.json
134,scenarios_industrial_page_0014,https://ai-russia.ru/api/scenarios?industry=industrial&page=14&limit=20,200,application/json; charset=utf-8,6557,raw_api/00134_scenarios_industrial_page_0014.json
135,scenarios_industrial_page_0015,https://ai-russia.ru/api/scenarios?industry=industrial&page=15&limit=20,200,application/json; charset=utf-8,6394,raw_api/00135_scenarios_industrial_page_0015.json
136,scenarios_industrial_page_0016,https://ai-russia.ru/api/scenarios?industry=industrial&page=16&limit=20,200,application/json; charset=utf-8,6724,raw_api/00136_scenarios_industrial_page_0016.json
137,scenarios_industrial_page_0017,https://ai-russia.ru/api/scenarios?industry=industrial&page=17&limit=20,200,application/json; charset=utf-8,6469,raw_api/00137_scenarios_industrial_page_0017.json
138,scenarios_industrial_page_0018,https://ai-russia.ru/api/scenarios?industry=industrial&page=18&limit=20,200,application/json; charset=utf-8,6794,raw_api/00138_scenarios_industrial_page_0018.json
139,scenarios_industrial_page_0019,https://ai-russia.ru/api/scenarios?industry=industrial&page=19&limit=20,200,application/json; charset=utf-8,6189,raw_api/00139_scenarios_industrial_page_0019.json
140,scenarios_industrial_page_0020,https://ai-russia.ru/api/scenarios?industry=industrial&page=20&limit=20,200,application/json; charset=utf-8,6255,raw_api/00140_scenarios_industrial_page_0020.json
141,scenarios_industrial_page_0021,https://ai-russia.ru/api/scenarios?industry=industrial&page=21&limit=20,200,application/json; charset=utf-8,6629,raw_api/00141_scenarios_industrial_page_0021.json
142,scenarios_industrial_page_0022,https://ai-russia.ru/api/scenarios?industry=industrial&page=22&limit=20,200,application/json; charset=utf-8,6368,raw_api/00142_scenarios_industrial_page_0022.json
143,scenarios_industrial_page_0023,https://ai-russia.ru/api/scenarios?industry=industrial&page=23&limit=20,200,application/json; charset=utf-8,6678,raw_api/00143_scenarios_industrial_page_0023.json
144,scenarios_industrial_page_0024,https://ai-russia.ru/api/scenarios?industry=industrial&page=24&limit=20,200,application/json; charset=utf-8,6491,raw_api/00144_scenarios_industrial_page_0024.json
145,scenarios_industrial_page_0025,https://ai-russia.ru/api/scenarios?industry=industrial&page=25&limit=20,200,application/json; charset=utf-8,6449,raw_api/00145_scenarios_industrial_page_0025.json
146,scenarios_it-telecom_first_paginated,https://ai-russia.ru/api/scenarios?industry=it-telecom&page=1&limit=20,200,application/json; charset=utf-8,7444,raw_api/00146_scenarios_it-telecom_first_paginated.json
147,scenarios_it-telecom_page_0002,https://ai-russia.ru/api/scenarios?industry=it-telecom&page=2&limit=20,200,application/json; charset=utf-8,6846,raw_api/00147_scenarios_it-telecom_page_0002.json
148,scenarios_it-telecom_page_0003,https://ai-russia.ru/api/scenarios?industry=it-telecom&page=3&limit=20,200,application/json; charset=utf-8,6661,raw_api/00148_scenarios_it-telecom_page_0003.json
149,scenarios_it-telecom_page_0004,https://ai-russia.ru/api/scenarios?industry=it-telecom&page=4&limit=20,200,application/json; charset=utf-8,6667,raw_api/00149_scenarios_it-telecom_page_0004.json
150,scenarios_it-telecom_page_0005,https://ai-russia.ru/api/scenarios?industry=it-telecom&page=5&limit=20,200,application/json; charset=utf-8,6606,raw_api/00150_scenarios_it-telecom_page_0005.json
151,scenarios_it-telecom_page_0006,https://ai-russia.ru/api/scenarios?industry=it-telecom&page=6&limit=20,200,application/json; charset=utf-8,6762,raw_api/00151_scenarios_it-telecom_page_0006.json
152,scenarios_it-telecom_page_0007,https://ai-russia.ru/api/scenarios?industry=it-telecom&page=7&limit=20,200,application/json; charset=utf-8,6238,raw_api/00152_scenarios_it-telecom_page_0007.json
153,scenarios_it-telecom_page_0008,https://ai-russia.ru/api/scenarios?industry=it-telecom&page=8&limit=20,200,application/json; charset=utf-8,6584,raw_api/00153_scenarios_it-telecom_page_0008.json
154,scenarios_it-telecom_page_0009,https://ai-russia.ru/api/scenarios?industry=it-telecom&page=9&limit=20,200,application/json; charset=utf-8,6191,raw_api/00154_scenarios_it-telecom_page_0009.json
155,scenarios_it-telecom_page_0010,https://ai-russia.ru/api/scenarios?industry=it-telecom&page=10&limit=20,200,application/json; charset=utf-8,6380,raw_api/00155_scenarios_it-telecom_page_0010.json
156,scenarios_it-telecom_page_0011,https://ai-russia.ru/api/scenarios?industry=it-telecom&page=11&limit=20,200,application/json; charset=utf-8,6504,raw_api/00156_scenarios_it-telecom_page_0011.json
157,scenarios_it-telecom_page_0012,https://ai-russia.ru/api/scenarios?industry=it-telecom&page=12&limit=20,200,application/json; charset=utf-8,6371,raw_api/00157_scenarios_it-telecom_page_0012.json
158,scenarios_it-telecom_page_0013,https://ai-russia.ru/api/scenarios?industry=it-telecom&page=13&limit=20,200,application/json; charset=utf-8,6490,raw_api/00158_scenarios_it-telecom_page_0013.json
159,scenarios_it-telecom_page_0014,https://ai-russia.ru/api/scenarios?industry=it-telecom&page=14&limit=20,200,application/json; charset=utf-8,6361,raw_api/00159_scenarios_it-telecom_page_0014.json
160,scenarios_it-telecom_page_0015,https://ai-russia.ru/api/scenarios?industry=it-telecom&page=15&limit=20,200,application/json; charset=utf-8,6247,raw_api/00160_scenarios_it-telecom_page_0015.json
161,scenarios_it-telecom_page_0016,https://ai-russia.ru/api/scenarios?industry=it-telecom&page=16&limit=20,200,application/json; charset=utf-8,6437,raw_api/00161_scenarios_it-telecom_page_0016.json
162,scenarios_it-telecom_page_0017,https://ai-russia.ru/api/scenarios?industry=it-telecom&page=17&limit=20,200,application/json; charset=utf-8,6237,raw_api/00162_scenarios_it-telecom_page_0017.json
163,scenarios_it-telecom_page_0018,https://ai-russia.ru/api/scenarios?industry=it-telecom&page=18&limit=20,200,application/json; charset=utf-8,6518,raw_api/00163_scenarios_it-telecom_page_0018.json
164,scenarios_it-telecom_page_0019,https://ai-russia.ru/api/scenarios?industry=it-telecom&page=19&limit=20,200,application/json; charset=utf-8,6321,raw_api/00164_scenarios_it-telecom_page_0019.json
165,scenarios_it-telecom_page_0020,https://ai-russia.ru/api/scenarios?industry=it-telecom&page=20&limit=20,200,application/json; charset=utf-8,6342,raw_api/00165_scenarios_it-telecom_page_0020.json
166,scenarios_it-telecom_page_0021,https://ai-russia.ru/api/scenarios?industry=it-telecom&page=21&limit=20,200,application/json; charset=utf-8,6341,raw_api/00166_scenarios_it-telecom_page_0021.json
167,scenarios_it-telecom_page_0022,https://ai-russia.ru/api/scenarios?industry=it-telecom&page=22&limit=20,200,application/json; charset=utf-8,6526,raw_api/00167_scenarios_it-telecom_page_0022.json
168,scenarios_it-telecom_page_0023,https://ai-russia.ru/api/scenarios?industry=it-telecom&page=23&limit=20,200,application/json; charset=utf-8,6621,raw_api/00168_scenarios_it-telecom_page_0023.json
169,scenarios_it-telecom_page_0024,https://ai-russia.ru/api/scenarios?industry=it-telecom&page=24&limit=20,200,application/json; charset=utf-8,6727,raw_api/00169_scenarios_it-telecom_page_0024.json
170,scenarios_it-telecom_page_0025,https://ai-russia.ru/api/scenarios?industry=it-telecom&page=25&limit=20,200,application/json; charset=utf-8,6344,raw_api/00170_scenarios_it-telecom_page_0025.json
171,scenarios_oil-energy_first_paginated,https://ai-russia.ru/api/scenarios?industry=oil-energy&page=1&limit=20,200,application/json; charset=utf-8,6327,raw_api/00171_scenarios_oil-energy_first_paginated.json
172,scenarios_oil-energy_page_0002,https://ai-russia.ru/api/scenarios?industry=oil-energy&page=2&limit=20,200,application/json; charset=utf-8,6298,raw_api/00172_scenarios_oil-energy_page_0002.json
173,scenarios_oil-energy_page_0003,https://ai-russia.ru/api/scenarios?industry=oil-energy&page=3&limit=20,200,application/json; charset=utf-8,6362,raw_api/00173_scenarios_oil-energy_page_0003.json
174,scenarios_oil-energy_page_0004,https://ai-russia.ru/api/scenarios?industry=oil-energy&page=4&limit=20,200,application/json; charset=utf-8,6394,raw_api/00174_scenarios_oil-energy_page_0004.json
175,scenarios_oil-energy_page_0005,https://ai-russia.ru/api/scenarios?industry=oil-energy&page=5&limit=20,200,application/json; charset=utf-8,6347,raw_api/00175_scenarios_oil-energy_page_0005.json
176,scenarios_oil-energy_page_0006,https://ai-russia.ru/api/scenarios?industry=oil-energy&page=6&limit=20,200,application/json; charset=utf-8,6437,raw_api/00176_scenarios_oil-energy_page_0006.json
177,scenarios_oil-energy_page_0007,https://ai-russia.ru/api/scenarios?industry=oil-energy&page=7&limit=20,200,application/json; charset=utf-8,6353,raw_api/00177_scenarios_oil-energy_page_0007.json
178,scenarios_oil-energy_page_0008,https://ai-russia.ru/api/scenarios?industry=oil-energy&page=8&limit=20,200,application/json; charset=utf-8,6464,raw_api/00178_scenarios_oil-energy_page_0008.json
179,scenarios_oil-energy_page_0009,https://ai-russia.ru/api/scenarios?industry=oil-energy&page=9&limit=20,200,application/json; charset=utf-8,6102,raw_api/00179_scenarios_oil-energy_page_0009.json
180,scenarios_oil-energy_page_0010,https://ai-russia.ru/api/scenarios?industry=oil-energy&page=10&limit=20,200,application/json; charset=utf-8,6415,raw_api/00180_scenarios_oil-energy_page_0010.json
181,scenarios_oil-energy_page_0011,https://ai-russia.ru/api/scenarios?industry=oil-energy&page=11&limit=20,200,application/json; charset=utf-8,6398,raw_api/00181_scenarios_oil-energy_page_0011.json
182,scenarios_oil-energy_page_0012,https://ai-russia.ru/api/scenarios?industry=oil-energy&page=12&limit=20,200,application/json; charset=utf-8,6113,raw_api/00182_scenarios_oil-energy_page_0012.json
183,scenarios_oil-energy_page_0013,https://ai-russia.ru/api/scenarios?industry=oil-energy&page=13&limit=20,200,application/json; charset=utf-8,6365,raw_api/00183_scenarios_oil-energy_page_0013.json
184,scenarios_oil-energy_page_0014,https://ai-russia.ru/api/scenarios?industry=oil-energy&page=14&limit=20,200,application/json; charset=utf-8,6335,raw_api/00184_scenarios_oil-energy_page_0014.json
185,scenarios_oil-energy_page_0015,https://ai-russia.ru/api/scenarios?industry=oil-energy&page=15&limit=20,200,application/json; charset=utf-8,6185,raw_api/00185_scenarios_oil-energy_page_0015.json
186,scenarios_oil-energy_page_0016,https://ai-russia.ru/api/scenarios?industry=oil-energy&page=16&limit=20,200,application/json; charset=utf-8,6459,raw_api/00186_scenarios_oil-energy_page_0016.json
187,scenarios_oil-energy_page_0017,https://ai-russia.ru/api/scenarios?industry=oil-energy&page=17&limit=20,200,application/json; charset=utf-8,6151,raw_api/00187_scenarios_oil-energy_page_0017.json
188,scenarios_oil-energy_page_0018,https://ai-russia.ru/api/scenarios?industry=oil-energy&page=18&limit=20,200,application/json; charset=utf-8,6466,raw_api/00188_scenarios_oil-energy_page_0018.json
189,scenarios_oil-energy_page_0019,https://ai-russia.ru/api/scenarios?industry=oil-energy&page=19&limit=20,200,application/json; charset=utf-8,6264,raw_api/00189_scenarios_oil-energy_page_0019.json
190,scenarios_oil-energy_page_0020,https://ai-russia.ru/api/scenarios?industry=oil-energy&page=20&limit=20,200,application/json; charset=utf-8,6153,raw_api/00190_scenarios_oil-energy_page_0020.json
191,scenarios_oil-energy_page_0021,https://ai-russia.ru/api/scenarios?industry=oil-energy&page=21&limit=20,200,application/json; charset=utf-8,6451,raw_api/00191_scenarios_oil-energy_page_0021.json
192,scenarios_oil-energy_page_0022,https://ai-russia.ru/api/scenarios?industry=oil-energy&page=22&limit=20,200,application/json; charset=utf-8,6259,raw_api/00192_scenarios_oil-energy_page_0022.json
193,scenarios_oil-energy_page_0023,https://ai-russia.ru/api/scenarios?industry=oil-energy&page=23&limit=20,200,application/json; charset=utf-8,6700,raw_api/00193_scenarios_oil-energy_page_0023.json
194,scenarios_oil-energy_page_0024,https://ai-russia.ru/api/scenarios?industry=oil-energy&page=24&limit=20,200,application/json; charset=utf-8,6706,raw_api/00194_scenarios_oil-energy_page_0024.json
195,scenarios_oil-energy_page_0025,https://ai-russia.ru/api/scenarios?industry=oil-energy&page=25&limit=20,200,application/json; charset=utf-8,6420,raw_api/00195_scenarios_oil-energy_page_0025.json
196,scenarios_retail_first_paginated,https://ai-russia.ru/api/scenarios?industry=retail&page=1&limit=20,200,application/json; charset=utf-8,6987,raw_api/00196_scenarios_retail_first_paginated.json
197,scenarios_retail_page_0002,https://ai-russia.ru/api/scenarios?industry=retail&page=2&limit=20,200,application/json; charset=utf-8,6681,raw_api/00197_scenarios_retail_page_0002.json
198,scenarios_retail_page_0003,https://ai-russia.ru/api/scenarios?industry=retail&page=3&limit=20,200,application/json; charset=utf-8,6498,raw_api/00198_scenarios_retail_page_0003.json
199,scenarios_retail_page_0004,https://ai-russia.ru/api/scenarios?industry=retail&page=4&limit=20,200,application/json; charset=utf-8,6382,raw_api/00199_scenarios_retail_page_0004.json
200,scenarios_retail_page_0005,https://ai-russia.ru/api/scenarios?industry=retail&page=5&limit=20,200,application/json; charset=utf-8,6405,raw_api/00200_scenarios_retail_page_0005.json
201,scenarios_retail_page_0006,https://ai-russia.ru/api/scenarios?industry=retail&page=6&limit=20,200,application/json; charset=utf-8,6452,raw_api/00201_scenarios_retail_page_0006.json
202,scenarios_retail_page_0007,https://ai-russia.ru/api/scenarios?industry=retail&page=7&limit=20,200,application/json; charset=utf-8,6251,raw_api/00202_scenarios_retail_page_0007.json
203,scenarios_retail_page_0008,https://ai-russia.ru/api/scenarios?industry=retail&page=8&limit=20,200,application/json; charset=utf-8,6360,raw_api/00203_scenarios_retail_page_0008.json
204,scenarios_retail_page_0009,https://ai-russia.ru/api/scenarios?industry=retail&page=9&limit=20,200,application/json; charset=utf-8,6241,raw_api/00204_scenarios_retail_page_0009.json
205,scenarios_retail_page_0010,https://ai-russia.ru/api/scenarios?industry=retail&page=10&limit=20,200,application/json; charset=utf-8,6167,raw_api/00205_scenarios_retail_page_0010.json
206,scenarios_retail_page_0011,https://ai-russia.ru/api/scenarios?industry=retail&page=11&limit=20,200,application/json; charset=utf-8,6458,raw_api/00206_scenarios_retail_page_0011.json
207,scenarios_retail_page_0012,https://ai-russia.ru/api/scenarios?industry=retail&page=12&limit=20,200,application/json; charset=utf-8,6111,raw_api/00207_scenarios_retail_page_0012.json
208,scenarios_retail_page_0013,https://ai-russia.ru/api/scenarios?industry=retail&page=13&limit=20,200,application/json; charset=utf-8,6402,raw_api/00208_scenarios_retail_page_0013.json
209,scenarios_retail_page_0014,https://ai-russia.ru/api/scenarios?industry=retail&page=14&limit=20,200,application/json; charset=utf-8,6117,raw_api/00209_scenarios_retail_page_0014.json
210,scenarios_retail_page_0015,https://ai-russia.ru/api/scenarios?industry=retail&page=15&limit=20,200,application/json; charset=utf-8,6345,raw_api/00210_scenarios_retail_page_0015.json
211,scenarios_retail_page_0016,https://ai-russia.ru/api/scenarios?industry=retail&page=16&limit=20,200,application/json; charset=utf-8,6614,raw_api/00211_scenarios_retail_page_0016.json
212,scenarios_retail_page_0017,https://ai-russia.ru/api/scenarios?industry=retail&page=17&limit=20,200,application/json; charset=utf-8,6281,raw_api/00212_scenarios_retail_page_0017.json
213,scenarios_retail_page_0018,https://ai-russia.ru/api/scenarios?industry=retail&page=18&limit=20,200,application/json; charset=utf-8,6409,raw_api/00213_scenarios_retail_page_0018.json
214,scenarios_retail_page_0019,https://ai-russia.ru/api/scenarios?industry=retail&page=19&limit=20,200,application/json; charset=utf-8,6316,raw_api/00214_scenarios_retail_page_0019.json
215,scenarios_retail_page_0020,https://ai-russia.ru/api/scenarios?industry=retail&page=20&limit=20,200,application/json; charset=utf-8,6260,raw_api/00215_scenarios_retail_page_0020.json
216,scenarios_retail_page_0021,https://ai-russia.ru/api/scenarios?industry=retail&page=21&limit=20,200,application/json; charset=utf-8,6549,raw_api/00216_scenarios_retail_page_0021.json
217,scenarios_retail_page_0022,https://ai-russia.ru/api/scenarios?industry=retail&page=22&limit=20,200,application/json; charset=utf-8,6348,raw_api/00217_scenarios_retail_page_0022.json
218,scenarios_retail_page_0023,https://ai-russia.ru/api/scenarios?industry=retail&page=23&limit=20,200,application/json; charset=utf-8,6482,raw_api/00218_scenarios_retail_page_0023.json
219,scenarios_retail_page_0024,https://ai-russia.ru/api/scenarios?industry=retail&page=24&limit=20,200,application/json; charset=utf-8,6563,raw_api/00219_scenarios_retail_page_0024.json
220,scenarios_retail_page_0025,https://ai-russia.ru/api/scenarios?industry=retail&page=25&limit=20,200,application/json; charset=utf-8,6454,raw_api/00220_scenarios_retail_page_0025.json
221,scenarios_finance_first_paginated,https://ai-russia.ru/api/scenarios?industry=finance&page=1&limit=20,200,application/json; charset=utf-8,7698,raw_api/00221_scenarios_finance_first_paginated.json
222,scenarios_finance_page_0002,https://ai-russia.ru/api/scenarios?industry=finance&page=2&limit=20,200,application/json; charset=utf-8,6557,raw_api/00222_scenarios_finance_page_0002.json
223,scenarios_finance_page_0003,https://ai-russia.ru/api/scenarios?industry=finance&page=3&limit=20,200,application/json; charset=utf-8,6075,raw_api/00223_scenarios_finance_page_0003.json
224,scenarios_finance_page_0004,https://ai-russia.ru/api/scenarios?industry=finance&page=4&limit=20,200,application/json; charset=utf-8,6142,raw_api/00224_scenarios_finance_page_0004.json
225,scenarios_finance_page_0005,https://ai-russia.ru/api/scenarios?industry=finance&page=5&limit=20,200,application/json; charset=utf-8,6020,raw_api/00225_scenarios_finance_page_0005.json
226,scenarios_finance_page_0006,https://ai-russia.ru/api/scenarios?industry=finance&page=6&limit=20,200,application/json; charset=utf-8,6214,raw_api/00226_scenarios_finance_page_0006.json
227,scenarios_finance_page_0007,https://ai-russia.ru/api/scenarios?industry=finance&page=7&limit=20,200,application/json; charset=utf-8,6062,raw_api/00227_scenarios_finance_page_0007.json
228,scenarios_finance_page_0008,https://ai-russia.ru/api/scenarios?industry=finance&page=8&limit=20,200,application/json; charset=utf-8,6051,raw_api/00228_scenarios_finance_page_0008.json
229,scenarios_finance_page_0009,https://ai-russia.ru/api/scenarios?industry=finance&page=9&limit=20,200,application/json; charset=utf-8,6275,raw_api/00229_scenarios_finance_page_0009.json
230,scenarios_finance_page_0010,https://ai-russia.ru/api/scenarios?industry=finance&page=10&limit=20,200,application/json; charset=utf-8,5876,raw_api/00230_scenarios_finance_page_0010.json
231,scenarios_finance_page_0011,https://ai-russia.ru/api/scenarios?industry=finance&page=11&limit=20,200,application/json; charset=utf-8,6324,raw_api/00231_scenarios_finance_page_0011.json
232,scenarios_finance_page_0012,https://ai-russia.ru/api/scenarios?industry=finance&page=12&limit=20,200,application/json; charset=utf-8,5797,raw_api/00232_scenarios_finance_page_0012.json
233,scenarios_finance_page_0013,https://ai-russia.ru/api/scenarios?industry=finance&page=13&limit=20,200,application/json; charset=utf-8,6210,raw_api/00233_scenarios_finance_page_0013.json
234,scenarios_finance_page_0014,https://ai-russia.ru/api/scenarios?industry=finance&page=14&limit=20,200,application/json; charset=utf-8,6100,raw_api/00234_scenarios_finance_page_0014.json
235,scenarios_finance_page_0015,https://ai-russia.ru/api/scenarios?industry=finance&page=15&limit=20,200,application/json; charset=utf-8,5974,raw_api/00235_scenarios_finance_page_0015.json
236,scenarios_finance_page_0016,https://ai-russia.ru/api/scenarios?industry=finance&page=16&limit=20,200,application/json; charset=utf-8,6102,raw_api/00236_scenarios_finance_page_0016.json
237,scenarios_finance_page_0017,https://ai-russia.ru/api/scenarios?industry=finance&page=17&limit=20,200,application/json; charset=utf-8,5747,raw_api/00237_scenarios_finance_page_0017.json
238,scenarios_finance_page_0018,https://ai-russia.ru/api/scenarios?industry=finance&page=18&limit=20,200,application/json; charset=utf-8,6221,raw_api/00238_scenarios_finance_page_0018.json
239,scenarios_finance_page_0019,https://ai-russia.ru/api/scenarios?industry=finance&page=19&limit=20,200,application/json; charset=utf-8,5926,raw_api/00239_scenarios_finance_page_0019.json
240,scenarios_finance_page_0020,https://ai-russia.ru/api/scenarios?industry=finance&page=20&limit=20,200,application/json; charset=utf-8,6096,raw_api/00240_scenarios_finance_page_0020.json
241,scenarios_finance_page_0021,https://ai-russia.ru/api/scenarios?industry=finance&page=21&limit=20,200,application/json; charset=utf-8,5994,raw_api/00241_scenarios_finance_page_0021.json
242,scenarios_finance_page_0022,https://ai-russia.ru/api/scenarios?industry=finance&page=22&limit=20,200,application/json; charset=utf-8,5785,raw_api/00242_scenarios_finance_page_0022.json
243,scenarios_finance_page_0023,https://ai-russia.ru/api/scenarios?industry=finance&page=23&limit=20,200,application/json; charset=utf-8,6375,raw_api/00243_scenarios_finance_page_0023.json
244,scenarios_finance_page_0024,https://ai-russia.ru/api/scenarios?industry=finance&page=24&limit=20,200,application/json; charset=utf-8,6023,raw_api/00244_scenarios_finance_page_0024.json
245,scenarios_finance_page_0025,https://ai-russia.ru/api/scenarios?industry=finance&page=25&limit=20,200,application/json; charset=utf-8,5815,raw_api/00245_scenarios_finance_page_0025.json
246,scenarios_transport_first_paginated,https://ai-russia.ru/api/scenarios?industry=transport&page=1&limit=20,200,application/json; charset=utf-8,6712,raw_api/00246_scenarios_transport_first_paginated.json
247,scenarios_transport_page_0002,https://ai-russia.ru/api/scenarios?industry=transport&page=2&limit=20,200,application/json; charset=utf-8,6566,raw_api/00247_scenarios_transport_page_0002.json
248,scenarios_transport_page_0003,https://ai-russia.ru/api/scenarios?industry=transport&page=3&limit=20,200,application/json; charset=utf-8,6690,raw_api/00248_scenarios_transport_page_0003.json
249,scenarios_transport_page_0004,https://ai-russia.ru/api/scenarios?industry=transport&page=4&limit=20,200,application/json; charset=utf-8,6682,raw_api/00249_scenarios_transport_page_0004.json
250,scenarios_transport_page_0005,https://ai-russia.ru/api/scenarios?industry=transport&page=5&limit=20,200,application/json; charset=utf-8,6779,raw_api/00250_scenarios_transport_page_0005.json
251,scenarios_transport_page_0006,https://ai-russia.ru/api/scenarios?industry=transport&page=6&limit=20,200,application/json; charset=utf-8,6431,raw_api/00251_scenarios_transport_page_0006.json
252,scenarios_transport_page_0007,https://ai-russia.ru/api/scenarios?industry=transport&page=7&limit=20,200,application/json; charset=utf-8,6739,raw_api/00252_scenarios_transport_page_0007.json
253,scenarios_transport_page_0008,https://ai-russia.ru/api/scenarios?industry=transport&page=8&limit=20,200,application/json; charset=utf-8,6682,raw_api/00253_scenarios_transport_page_0008.json
254,scenarios_transport_page_0009,https://ai-russia.ru/api/scenarios?industry=transport&page=9&limit=20,200,application/json; charset=utf-8,6519,raw_api/00254_scenarios_transport_page_0009.json
255,scenarios_transport_page_0010,https://ai-russia.ru/api/scenarios?industry=transport&page=10&limit=20,200,application/json; charset=utf-8,6827,raw_api/00255_scenarios_transport_page_0010.json
256,scenarios_transport_page_0011,https://ai-russia.ru/api/scenarios?industry=transport&page=11&limit=20,200,application/json; charset=utf-8,6324,raw_api/00256_scenarios_transport_page_0011.json
257,scenarios_transport_page_0012,https://ai-russia.ru/api/scenarios?industry=transport&page=12&limit=20,200,application/json; charset=utf-8,6696,raw_api/00257_scenarios_transport_page_0012.json
258,scenarios_transport_page_0013,https://ai-russia.ru/api/scenarios?industry=transport&page=13&limit=20,200,application/json; charset=utf-8,6592,raw_api/00258_scenarios_transport_page_0013.json
259,scenarios_transport_page_0014,https://ai-russia.ru/api/scenarios?industry=transport&page=14&limit=20,200,application/json; charset=utf-8,6871,raw_api/00259_scenarios_transport_page_0014.json
260,scenarios_transport_page_0015,https://ai-russia.ru/api/scenarios?industry=transport&page=15&limit=20,200,application/json; charset=utf-8,6675,raw_api/00260_scenarios_transport_page_0015.json
261,scenarios_transport_page_0016,https://ai-russia.ru/api/scenarios?industry=transport&page=16&limit=20,200,application/json; charset=utf-8,6682,raw_api/00261_scenarios_transport_page_0016.json
262,scenarios_transport_page_0017,https://ai-russia.ru/api/scenarios?industry=transport&page=17&limit=20,200,application/json; charset=utf-8,6590,raw_api/00262_scenarios_transport_page_0017.json
263,scenarios_transport_page_0018,https://ai-russia.ru/api/scenarios?industry=transport&page=18&limit=20,200,application/json; charset=utf-8,6754,raw_api/00263_scenarios_transport_page_0018.json
264,scenarios_transport_page_0019,https://ai-russia.ru/api/scenarios?industry=transport&page=19&limit=20,200,application/json; charset=utf-8,6589,raw_api/00264_scenarios_transport_page_0019.json
265,scenarios_transport_page_0020,https://ai-russia.ru/api/scenarios?industry=transport&page=20&limit=20,200,application/json; charset=utf-8,6775,raw_api/00265_scenarios_transport_page_0020.json
266,scenarios_transport_page_0021,https://ai-russia.ru/api/scenarios?industry=transport&page=21&limit=20,200,application/json; charset=utf-8,6716,raw_api/00266_scenarios_transport_page_0021.json
267,scenarios_transport_page_0022,https://ai-russia.ru/api/scenarios?industry=transport&page=22&limit=20,200,application/json; charset=utf-8,6846,raw_api/00267_scenarios_transport_page_0022.json
268,scenarios_transport_page_0023,https://ai-russia.ru/api/scenarios?industry=transport&page=23&limit=20,200,application/json; charset=utf-8,6658,raw_api/00268_scenarios_transport_page_0023.json
269,scenarios_transport_page_0024,https://ai-russia.ru/api/scenarios?industry=transport&page=24&limit=20,200,application/json; charset=utf-8,6618,raw_api/00269_scenarios_transport_page_0024.json
270,scenarios_transport_page_0025,https://ai-russia.ru/api/scenarios?industry=transport&page=25&limit=20,200,application/json; charset=utf-8,4600,raw_api/00270_scenarios_transport_page_0025.json
271,case_0001_cmrto0wux0003inzvyxpfdxci,https://ai-russia.ru/api/cases/cmrto0wux0003inzvyxpfdxci,200,application/json; charset=utf-8,9897,raw_api/00271_case_0001_cmrto0wux0003inzvyxpfdxci.json
272,case_0002_cmrto0wv50007inzv6hufh21c,https://ai-russia.ru/api/cases/cmrto0wv50007inzv6hufh21c,200,application/json; charset=utf-8,9234,raw_api/00272_case_0002_cmrto0wv50007inzv6hufh21c.json
273,case_0003_cmrto0wva000binzvrlea7lj1,https://ai-russia.ru/api/cases/cmrto0wva000binzvrlea7lj1,200,application/json; charset=utf-8,5861,raw_api/00273_case_0003_cmrto0wva000binzvrlea7lj1.json
274,case_0004_cms3l67x90008mp0n7qacmony,https://ai-russia.ru/api/cases/cms3l67x90008mp0n7qacmony,200,application/json; charset=utf-8,4629,raw_api/00274_case_0004_cms3l67x90008mp0n7qacmony.json
275,case_0005_cms3m81t2000amp0n5lgyol81,https://ai-russia.ru/api/cases/cms3m81t2000amp0n5lgyol81,200,application/json; charset=utf-8,5175,raw_api/00275_case_0005_cms3m81t2000amp0n5lgyol81.json
276,case_0006_cms3n0mcs000cmp0nrp7865x5,https://ai-russia.ru/api/cases/cms3n0mcs000cmp0nrp7865x5,200,application/json; charset=utf-8,6843,raw_api/00276_case_0006_cms3n0mcs000cmp0nrp7865x5.json
277,case_0007_cms3o8z2q000emp0nh6aa6gx3,https://ai-russia.ru/api/cases/cms3o8z2q000emp0nh6aa6gx3,200,application/json; charset=utf-8,5143,raw_api/00277_case_0007_cms3o8z2q000emp0nh6aa6gx3.json
278,case_0008_cms3ogmt3000gmp0ndcl5vq6b,https://ai-russia.ru/api/cases/cms3ogmt3000gmp0ndcl5vq6b,200,application/json; charset=utf-8,3131,raw_api/00278_case_0008_cms3ogmt3000gmp0ndcl5vq6b.json
279,case_0009_cms3om663000imp0nx69czffp,https://ai-russia.ru/api/cases/cms3om663000imp0nx69czffp,200,application/json; charset=utf-8,4074,raw_api/00279_case_0009_cms3om663000imp0nx69czffp.json
280,case_0010_cms3ora1l000kmp0nmkrcinxk,https://ai-russia.ru/api/cases/cms3ora1l000kmp0nmkrcinxk,200,application/json; charset=utf-8,5053,raw_api/00280_case_0010_cms3ora1l000kmp0nmkrcinxk.json
281,case_0011_cms5zztz00005o90n53q8onrd,https://ai-russia.ru/api/cases/cms5zztz00005o90n53q8onrd,200,application/json; charset=utf-8,4511,raw_api/00281_case_0011_cms5zztz00005o90n53q8onrd.json
282,case_0012_cms606n1j0007o90nfk8vpbaq,https://ai-russia.ru/api/cases/cms606n1j0007o90nfk8vpbaq,200,application/json; charset=utf-8,4982,raw_api/00282_case_0012_cms606n1j0007o90nfk8vpbaq.json
283,case_0013_cms60lrb50009o90nchh7vhq9,https://ai-russia.ru/api/cases/cms60lrb50009o90nchh7vhq9,200,application/json; charset=utf-8,4935,raw_api/00283_case_0013_cms60lrb50009o90nchh7vhq9.json
